entry_at,symbol,direction,pnl,hvn_dist_atr,hvn_density_above,hvn_density_below,poc_dist_bps,ema_value,ema_dist_bps,ema_dist_atr,ema_low_below_ema,ema_high_above_ema,bars_since_avwap_cross_session_open,bars_since_avwap_cross_pd_high,bars_since_avwap_cross_pd_low,avwap_cross_breach_max_atr_session_open,avwap_cross_breach_max_atr_pd_high,avwap_cross_breach_max_atr_pd_low,hvn_bucket,ema_bucket,time_split,symbol_split
2025-05-08T08:39:00-05:00,AMD,LONG,127.1753,10.964,0,3,-475.60,100.2899,350.63,7.962,0,1,2,2,2,1.107,9.823,8.273,far,outside,IS,IS
2025-05-08T09:09:00-05:00,HIMS,LONG,-213.0635,5.149,0,11,-782.89,52.4395,307.21,2.250,0,1,1,1,195,1.984,2.017,10.508,far,outside,IS,IS
2025-05-09T08:39:00-05:00,TSLA,LONG,205.8161,17.796,0,10,-788.43,291.6317,235.17,5.424,0,1,56,62,62,4.309,10.246,9.187,far,outside,IS,OOS
2025-05-09T08:44:00-05:00,HOOD,LONG,113.4963,4.518,0,13,-1464.46,54.9328,104.63,2.640,0,1,72,78,96,6.590,15.156,12.026,far,outside,IS,IS
2025-05-13T08:39:00-05:00,NVDA,LONG,155.9532,10.463,0,8,-643.48,123.7389,191.62,7.327,0,1,55,76,76,5.054,15.791,13.728,far,outside,IS,IS
2025-05-16T09:04:00-05:00,COIN,LONG,218.0164,0.117,4,0,23.08,254.1573,173.62,2.462,0,1,6,6,6,2.358,6.228,6.822,near,outside,IS,IS
2025-05-19T08:39:00-05:00,MRNA,LONG,-291.0479,8.130,0,4,-709.70,25.6164,486.25,5.343,0,1,68,76,76,6.159,11.701,10.992,far,outside,IS,IS
2025-05-20T08:39:00-05:00,RIVN,LONG,-235.3810,13.542,0,10,-618.46,16.3542,248.16,5.270,0,1,73,70,68,9.044,9.094,10.860,far,outside,IS,IS
2025-05-20T10:14:00-05:00,MRNA,LONG,394.0212,16.662,0,3,-1796.56,27.5628,398.09,3.568,1,1,18,156,156,4.363,11.701,10.992,far,outside,IS,IS
2025-05-21T09:04:00-05:00,GOOGL,LONG,126.0925,5.400,0,4,-186.73,166.9821,166.06,4.767,0,1,6,6,6,4.565,7.431,6.594,far,outside,IS,OOS
2025-05-22T08:49:00-05:00,GOOGL,LONG,143.5678,12.145,0,2,-455.73,171.3350,178.89,4.796,0,1,2,56,3,2.962,7.746,6.472,far,outside,IS,OOS
2025-05-27T08:54:00-05:00,HOOD,LONG,143.7365,2.875,0,5,-158.21,64.3562,197.93,3.789,0,1,1,4,4,2.970,5.746,5.637,far,outside,IS,IS
2025-05-27T08:59:00-05:00,RBLX,LONG,-68.6380,8.560,0,2,-332.39,83.9854,168.44,4.302,0,1,13,62,62,2.890,5.289,7.154,far,outside,IS,IS
2025-05-29T09:19:00-05:00,BA,LONG,108.8220,6.963,0,1,-329.98,204.6563,211.51,4.384,0,1,8,9,54,3.990,5.741,5.498,far,outside,IS,IS
2025-06-03T08:44:00-05:00,HIMS,LONG,-227.5411,9.749,0,11,-1691.37,60.9570,961.84,6.465,0,1,2,2,2,2.026,8.006,5.549,far,outside,IS,IS
2025-06-03T09:29:00-05:00,COIN,LONG,100.1405,9.256,0,7,-433.74,252.5990,166.11,3.853,0,1,10,11,11,4.952,8.759,7.722,far,outside,IS,IS
2025-06-05T09:19:00-05:00,SOFI,LONG,163.0878,4.332,0,3,-226.42,13.7028,173.14,3.393,0,1,3,9,10,3.785,7.163,7.300,far,outside,IS,IS
2025-06-06T08:39:00-05:00,HOOD,LONG,-188.6680,6.678,0,9,-417.28,73.4064,274.30,4.610,0,1,1,1,1,2.229,3.990,5.089,far,outside,IS,IS
2025-06-12T08:49:00-05:00,HIMS,LONG,152.3191,6.671,0,18,-477.64,57.8333,193.09,3.323,0,1,1,65,66,2.817,4.994,7.530,far,outside,IS,IS
2025-06-16T08:39:00-05:00,COIN,LONG,121.3197,6.417,0,1,-200.54,243.9411,204.10,6.483,0,1,14,9,12,3.580,4.359,11.026,far,outside,IS,IS
2025-06-16T08:39:00-05:00,AMD,LONG,117.2845,4.929,5,0,184.42,117.5015,253.75,7.126,0,1,1,1,1,2.045,8.349,7.912,far,outside,IS,IS
2025-06-16T09:04:00-05:00,MRVL,LONG,124.2962,2.271,0,5,-210.79,69.1227,168.88,4.223,0,1,6,6,6,4.383,8.004,7.948,far,outside,IS,IS
2025-06-16T09:19:00-05:00,RIVN,LONG,-201.0367,9.021,0,1,-430.51,13.7845,170.84,3.482,0,1,8,9,9,4.110,7.201,6.926,far,outside,IS,IS
2025-06-18T08:59:00-05:00,MRVL,LONG,92.2312,7.885,0,5,-781.46,74.4716,279.76,2.797,0,1,4,5,8,1.331,6.007,6.914,far,outside,IS,IS
2025-06-18T08:59:00-05:00,SOXL,LONG,92.5928,0.000,1,5,4.61,21.7352,117.23,1.910,0,1,2,1,5,1.588,1.279,2.732,near,outside,IS,IS
2025-06-18T10:34:00-05:00,COIN,LONG,15.2467,6.262,0,11,-909.74,260.7428,296.35,4.627,0,1,23,23,24,5.358,7.634,7.210,far,outside,IS,IS
2025-06-18T11:59:00-05:00,SMCI,LONG,95.3659,5.879,0,4,-297.53,44.4497,133.58,2.827,1,1,40,39,40,4.382,5.852,5.163,far,outside,IS,IS
2025-06-23T08:59:00-05:00,TSLA,LONG,343.7882,9.187,0,4,-572.32,333.9864,271.53,4.303,0,1,3,5,5,3.370,8.108,7.774,far,outside,IS,OOS
2025-06-24T08:49:00-05:00,HOOD,LONG,126.1278,4.504,0,8,-225.89,77.6284,212.01,4.412,0,1,2,3,3,3.051,6.478,6.857,far,outside,IS,IS
2025-06-25T08:39:00-05:00,SMCI,LONG,56.4893,9.627,0,3,-506.52,43.4688,389.05,7.285,0,1,63,60,63,4.222,8.326,10.728,far,outside,IS,IS
2025-06-26T08:44:00-05:00,PLTR,LONG,-191.5864,10.263,0,9,-407.94,144.6547,220.20,6.458,0,1,1,2,2,2.892,7.631,7.789,far,outside,IS,OOS
2025-06-27T08:59:00-05:00,HIMS,LONG,163.8561,15.134,0,2,-1419.07,48.4651,382.72,3.923,0,1,75,63,80,6.966,8.637,13.813,far,outside,IS,IS
2025-06-30T08:39:00-05:00,HOOD,LONG,-184.0643,7.864,0,9,-412.56,84.6576,318.04,5.966,0,1,6,6,2,1.530,8.299,6.461,far,outside,IS,IS
2025-06-30T08:49:00-05:00,SOFI,LONG,193.3469,20.497,0,4,-1180.81,17.6229,296.28,5.070,0,1,3,3,175,2.798,7.094,11.683,far,outside,IS,IS
2025-06-30T09:19:00-05:00,SMCI,LONG,-194.4798,4.651,0,10,-327.56,49.4192,176.17,2.800,0,1,9,9,9,3.125,5.529,6.130,far,outside,IS,IS
2025-06-30T10:39:00-05:00,HOOD,LONG,-187.0298,7.682,0,9,-827.85,88.6536,299.07,2.722,0,1,5,16,6,3.412,8.299,4.121,far,outside,IS,IS
2025-07-02T08:49:00-05:00,HOOD,LONG,246.4508,4.168,0,8,-336.75,93.7506,175.93,2.185,0,1,1,3,3,1.453,2.988,3.383,far,outside,IS,IS
2025-07-02T09:04:00-05:00,MRNA,LONG,-189.2119,13.674,0,3,-645.12,29.2098,126.72,2.677,0,1,80,60,63,5.841,7.344,6.508,far,outside,IS,IS
2025-07-08T08:54:00-05:00,OXY,LONG,129.4994,3.151,0,1,-77.56,43.6926,109.26,4.494,0,1,4,4,4,3.202,7.902,7.156,far,outside,IS,IS
2025-07-09T08:39:00-05:00,BA,LONG,105.4566,10.522,0,3,-435.90,221.1238,208.76,4.933,0,1,48,48,48,4.463,8.599,7.608,far,outside,IS,IS
2025-07-09T08:49:00-05:00,COIN,LONG,-203.1603,6.706,0,7,-222.33,357.0097,188.38,5.471,0,1,3,3,3,3.158,7.030,7.319,far,outside,IS,IS
2025-07-10T08:39:00-05:00,SOFI,LONG,273.8108,11.729,0,7,-414.39,20.3204,223.71,6.939,0,1,42,8,42,4.079,3.888,10.261,far,outside,IS,IS
2025-07-14T09:14:00-05:00,HIMS,LONG,131.8163,2.153,6,0,147.26,48.9050,152.33,2.321,0,1,8,2,8,3.237,2.330,3.579,far,outside,IS,IS
2025-07-15T08:39:00-05:00,SMCI,LONG,182.4637,6.968,0,10,-452.80,50.5647,333.29,6.316,0,1,0,1,1,0.000,5.641,7.759,far,outside,IS,IS
2025-07-17T09:14:00-05:00,COIN,LONG,-186.6947,9.768,0,6,-470.62,406.5441,199.14,4.259,0,1,40,4,6,5.122,5.720,7.417,far,outside,IS,IS
2025-07-18T08:39:00-05:00,HOOD,LONG,132.7599,19.861,0,1,-1015.54,108.0590,306.41,5.813,0,1,19,24,125,3.861,4.762,10.406,far,outside,IS,IS
2025-07-21T08:49:00-05:00,COIN,LONG,-186.6914,15.000,0,7,-783.30,422.8674,204.38,3.977,0,1,2,2,3,2.900,4.068,6.295,far,outside,IS,IS
2025-07-23T08:39:00-05:00,HIMS,LONG,212.8851,5.489,0,6,-322.50,50.5298,192.02,3.439,0,1,69,36,69,8.175,8.339,8.671,far,outside,IS,IS
2025-07-25T09:09:00-05:00,AMD,LONG,-190.5129,13.148,0,4,-526.83,164.6773,137.40,3.468,0,1,4,145,203,3.603,10.343,9.786,far,outside,IS,IS
2025-07-25T09:29:00-05:00,HOOD,LONG,124.5173,5.736,0,3,-250.10,103.5830,124.05,2.855,0,1,38,10,10,3.906,6.006,5.904,far,outside,IS,IS
2025-07-29T08:39:00-05:00,SMCI,LONG,167.2606,8.528,0,6,-1437.71,59.7835,109.57,2.957,1,1,74,141,142,5.861,5.978,10.980,far,outside,IS,IS
2025-07-30T08:44:00-05:00,HIMS,LONG,131.4484,13.112,0,13,-941.36,61.1873,403.13,5.679,0,1,1,39,50,3.835,7.080,9.712,far,outside,IS,IS
2025-07-30T08:49:00-05:00,SMCI,LONG,100.6143,8.592,0,4,-384.66,59.7256,178.22,4.110,0,1,3,3,3,2.678,4.305,6.792,far,outside,IS,IS
2025-07-31T08:39:00-05:00,HIMS,LONG,-31.1374,33.356,0,14,-1426.41,65.6857,248.04,5.868,0,1,0,89,100,0.000,7.080,9.712,far,outside,IS,IS
2025-08-04T08:49:00-05:00,AMD,LONG,-100.5767,3.163,5,0,132.60,173.9623,163.78,4.231,0,1,2,3,11,2.149,6.397,7.167,far,outside,IS,IS
2025-08-04T08:54:00-05:00,RBLX,LONG,134.2310,9.843,0,4,-490.60,128.0378,237.60,4.854,0,1,4,3,4,4.539,5.738,7.146,far,outside,IS,IS
2025-08-05T08:54:00-05:00,NET,LONG,-196.1541,4.516,0,3,-239.31,211.5743,143.25,2.740,0,1,57,3,79,3.116,4.006,9.353,far,outside,IS,OOS
2025-08-07T08:39:00-05:00,OXY,LONG,-180.2200,9.114,0,2,-472.91,43.2978,365.44,6.910,0,1,1,1,1,1.676,7.343,5.254,far,outside,IS,IS
2025-08-08T08:49:00-05:00,HOOD,LONG,102.3479,20.509,0,6,-813.66,111.5950,172.94,4.282,0,1,2,3,107,1.899,7.610,12.050,far,outside,IS,IS
2025-08-08T08:49:00-05:00,AMD,LONG,-187.9409,26.507,0,1,-737.21,173.8125,141.97,5.007,0,1,2,78,112,3.010,10.526,9.834,far,outside,IS,IS
2025-08-08T09:14:00-05:00,SOFI,LONG,-188.7238,10.858,0,3,-499.89,22.2406,139.10,3.065,0,1,1,83,2,2.891,5.294,4.271,far,outside,IS,IS
2025-08-12T08:39:00-05:00,AFRM,LONG,-208.8842,4.244,0,4,-485.65,74.6007,371.21,5.580,0,1,17,1,75,1.761,6.389,7.376,far,outside,IS,OOS
2025-08-12T08:49:00-05:00,MU,LONG,-194.3857,7.422,0,10,-572.56,124.1323,147.64,4.221,0,1,2,152,248,2.260,14.694,12.223,far,outside,IS,IS
2025-08-13T08:39:00-05:00,COIN,LONG,199.6003,12.050,0,5,-995.45,326.2792,359.15,8.668,0,1,5,1,5,3.244,11.391,11.079,far,outside,IS,IS
2025-08-22T08:49:00-05:00,SOXL,LONG,545.1815,12.459,3,0,452.27,25.7230,208.71,5.817,0,1,3,79,31,4.152,8.995,8.909,far,outside,IS,IS
2025-08-22T09:04:00-05:00,AVGO,LONG,108.5197,4.987,0,8,-229.49,291.7923,132.89,3.010,1,1,0,17,16,0.000,4.884,4.500,far,outside,IS,OOS
2025-08-22T09:09:00-05:00,IWM,LONG,114.8679,7.126,0,4,-188.85,228.8375,151.31,5.712,0,1,1,35,34,4.105,7.584,10.955,far,outside,IS,IS
2025-08-22T09:09:00-05:00,MRNA,LONG,166.7413,7.868,0,1,-436.14,26.7736,226.49,4.006,0,1,1,7,7,3.604,6.771,6.603,far,outside,IS,IS
2025-08-25T08:54:00-05:00,RIVN,LONG,145.2043,18.474,0,5,-915.18,13.1090,134.30,2.794,0,1,3,1,106,2.535,2.651,12.905,far,outside,IS,IS
2025-08-28T08:44:00-05:00,SNOW,LONG,341.2328,16.240,0,4,-1291.86,214.9208,773.74,9.040,0,1,32,77,39,5.111,11.192,13.819,far,outside,IS,OOS
2025-09-03T08:44:00-05:00,RBLX,LONG,129.4407,17.386,0,4,-516.80,129.1675,95.42,3.376,0,1,1,75,75,2.304,10.480,10.210,far,outside,IS,IS
2025-09-03T09:04:00-05:00,HIMS,LONG,73.4920,0.000,2,0,14.21,43.5543,273.40,3.614,0,1,15,6,14,3.278,7.423,8.277,near,outside,IS,IS
2025-09-08T08:39:00-05:00,AVGO,LONG,184.5449,6.793,0,3,-380.74,339.9990,252.97,5.612,0,1,1,144,144,0.974,9.099,8.565,far,outside,IS,OOS
2025-09-10T08:39:00-05:00,AVGO,LONG,138.4583,11.755,0,3,-635.86,344.8683,463.56,8.256,0,1,1,1,1,2.871,8.939,5.207,far,outside,IS,OOS
2025-09-10T08:49:00-05:00,SOFI,LONG,-233.3569,6.678,0,6,-412.43,26.3121,185.42,3.580,0,1,2,33,33,2.367,5.353,5.918,far,outside,IS,IS
2025-09-11T08:39:00-05:00,RIVN,LONG,-226.7524,0.461,0,15,-58.94,14.1249,246.69,5.825,0,1,1,5,2,2.328,6.364,8.099,near,outside,IS,IS
2025-09-11T08:39:00-05:00,MU,LONG,-209.5017,9.886,0,6,-1677.61,144.9828,697.13,6.992,0,1,1,146,218,1.880,8.301,9.203,far,outside,IS,IS
2025-09-11T08:49:00-05:00,RBLX,LONG,-229.8718,5.905,0,4,-330.76,133.4020,187.50,3.360,1,1,0,0,9,0.000,0.000,5.143,far,outside,IS,IS
2025-09-11T08:54:00-05:00,HIMS,LONG,-208.9467,1.884,0,20,-433.64,49.0446,284.51,4.247,0,1,1,1,4,3.337,3.111,4.930,far,outside,IS,IS
2025-09-11T09:29:00-05:00,TSLA,LONG,130.1295,7.657,0,3,-336.90,354.2961,129.38,3.240,0,1,7,4,4,4.149,4.426,4.659,far,outside,IS,OOS
2025-09-15T08:39:00-05:00,GOOGL,LONG,-184.1730,11.484,0,5,-435.84,244.0763,264.00,7.710,0,1,63,52,52,5.514,7.635,10.433,far,outside,IS,OOS
2025-09-17T09:19:00-05:00,MRVL,LONG,-212.6169,13.564,0,8,-656.46,70.3736,190.61,4.224,0,1,45,61,61,5.501,8.534,8.478,far,outside,IS,IS
2025-09-18T08:39:00-05:00,HOOD,LONG,170.2009,15.453,0,2,-436.00,119.6553,231.06,8.064,0,1,11,11,11,2.968,8.598,13.572,far,outside,IS,IS
2025-09-19T08:49:00-05:00,PLTR,LONG,117.5278,22.421,0,1,-621.71,178.9997,140.80,4.996,0,1,53,87,87,6.432,16.342,12.081,far,outside,IS,OOS
2025-09-22T09:49:00-05:00,MRNA,LONG,139.3800,7.653,0,11,-630.98,26.2064,180.71,2.583,0,1,14,14,14,4.180,7.237,6.348,far,outside,IS,IS
2025-09-24T12:09:00-05:00,MRVL,LONG,-302.3679,9.344,0,4,-731.53,77.6745,343.16,4.372,1,1,3,9,8,4.427,5.947,5.536,far,outside,IS,IS
2025-09-29T08:49:00-05:00,HOOD,LONG,159.8747,9.968,0,2,-387.73,124.3758,225.46,5.649,0,1,3,3,3,3.116,9.398,8.647,far,outside,IS,IS
2025-09-29T08:49:00-05:00,MU,LONG,-116.5437,2.313,0,1,-105.63,160.5042,256.43,5.725,0,1,3,3,3,2.473,8.711,5.447,far,outside,IS,IS
2025-09-30T08:59:00-05:00,SMCI,LONG,-210.3968,3.245,0,12,-367.19,47.2147,174.79,3.495,0,1,4,4,4,3.662,6.071,6.150,far,outside,IS,IS
2025-10-01T08:59:00-05:00,SMCI,LONG,98.1408,5.613,0,7,-542.48,48.2764,141.59,2.849,0,1,4,4,4,3.407,6.129,6.427,far,outside,IS,IS
2025-10-02T08:44:00-05:00,COIN,LONG,109.2942,18.072,0,3,-845.76,353.1269,285.86,5.977,0,1,1,11,270,2.880,8.074,10.981,far,outside,IS,IS
2025-10-06T08:39:00-05:00,MU,LONG,-232.0729,17.738,0,4,-1010.90,191.5268,462.76,7.916,0,1,1,23,20,2.388,8.398,9.311,far,outside,IS,IS
2025-10-06T08:49:00-05:00,SMCI,LONG,-196.8830,8.947,0,3,-654.64,53.8039,396.09,5.350,0,1,2,3,3,2.439,8.326,7.518,far,outside,IS,IS
2025-10-06T09:24:00-05:00,SOFI,LONG,-220.0909,2.289,0,6,-284.68,25.8062,307.59,3.935,0,1,2,4,10,3.648,5.532,5.121,far,outside,IS,IS
2025-10-06T12:39:00-05:00,CRM,LONG,-132.2426,6.093,0,1,-253.53,242.7224,204.66,4.781,0,1,34,6,6,8.479,7.536,7.462,far,outside,IS,OOS
2025-10-07T08:44:00-05:00,SOFI,LONG,239.8425,6.077,0,5,-793.28,27.1425,296.48,4.898,0,1,1,60,66,2.164,8.913,8.098,far,outside,IS,IS
2025-10-08T08:49:00-05:00,MRNA,LONG,-194.8264,3.929,0,3,-378.20,27.7237,233.13,4.575,0,1,13,3,12,3.485,7.296,6.998,far,outside,IS,IS
2025-10-10T08:44:00-05:00,COIN,LONG,-208.7325,7.341,0,8,-319.89,391.4036,216.31,5.344,0,1,2,2,4,3.115,6.577,6.616,far,outside,IS,IS
2025-10-13T08:54:00-05:00,AVGO,LONG,105.4811,3.306,0,8,-308.04,343.0740,322.55,3.536,0,1,2,4,4,1.652,5.099,3.089,far,outside,IS,OOS
2025-10-15T08:54:00-05:00,AMD,LONG,149.4730,7.603,0,6,-481.35,224.7353,237.38,4.012,0,1,2,4,4,3.377,5.114,6.404,far,outside,IS,IS
2025-10-15T09:04:00-05:00,HIMS,LONG,147.4751,3.205,0,4,-218.09,55.4724,105.93,1.532,0,1,2,6,6,2.066,3.009,5.822,far,outside,IS,IS
2025-10-16T08:39:00-05:00,CRM,LONG,-210.0350,7.446,0,4,-436.20,243.1625,496.28,8.428,0,1,1,1,1,1.104,7.942,6.746,far,outside,IS,OOS
2025-10-17T09:19:00-05:00,TSLA,LONG,-186.2316,2.511,0,5,-126.52,433.1787,136.00,2.925,0,1,6,5,6,3.656,4.452,4.804,far,outside,IS,OOS
2025-10-20T08:39:00-05:00,HOOD,LONG,146.4222,0.000,9,2,97.41,131.9671,220.35,5.354,0,1,46,1,19,5.860,5.787,9.041,near,outside,IS,IS
2025-10-20T08:44:00-05:00,SMCI,LONG,-191.5632,3.755,0,12,-430.63,54.4048,359.84,4.850,0,1,9,2,7,1.689,7.664,7.952,far,outside,IS,IS
2025-10-20T09:04:00-05:00,AMD,LONG,117.3062,1.395,0,6,-97.64,237.0730,108.66,2.358,0,1,3,6,18,2.298,8.487,10.083,far,outside,IS,IS
2025-10-21T08:44:00-05:00,AFRM,LONG,126.0922,3.674,0,7,-671.01,72.2643,129.49,2.738,0,1,66,1,77,6.389,2.606,8.584,far,outside,IS,OOS
2025-10-21T09:34:00-05:00,RIVN,LONG,91.9711,1.343,1,6,-271.15,13.2425,122.73,2.064,0,1,9,5,9,3.857,4.378,5.578,far,outside,IS,IS
2025-10-24T08:39:00-05:00,AMD,LONG,128.9976,6.948,0,5,-423.58,239.6478,413.61,8.798,0,1,32,75,76,4.186,9.638,13.511,far,outside,IS,IS
2025-10-29T08:49:00-05:00,PLTR,LONG,138.3784,6.101,0,6,-228.56,192.0475,152.51,4.414,0,1,1,7,3,3.265,5.373,6.852,far,outside,IS,OOS
2025-10-30T10:19:00-05:00,MRNA,LONG,-238.2659,0.096,2,1,21.31,25.1221,636.09,5.771,0,1,7,1,4,4.121,5.099,4.643,near,outside,IS,IS
2025-10-31T08:44:00-05:00,COIN,LONG,155.2056,2.549,2,4,148.48,338.0809,268.55,4.609,0,1,2,2,2,2.763,5.377,3.724,far,outside,IS,IS
2025-10-31T08:44:00-05:00,MRVL,LONG,-191.8492,11.400,0,6,-690.08,91.9245,382.98,6.212,0,1,1,2,2,2.429,8.568,8.394,far,outside,IS,IS
2025-10-31T08:54:00-05:00,NET,LONG,-242.5659,7.408,0,4,-856.11,237.2547,438.57,4.278,0,1,2,4,4,2.765,6.195,3.234,far,outside,IS,OOS
2025-11-05T08:54:00-06:00,MU,LONG,-178.6463,4.031,0,8,-363.08,227.6472,319.92,3.548,0,1,3,4,4,2.565,5.123,3.049,far,outside,IS,IS
2025-11-05T08:54:00-06:00,SOXL,LONG,-218.2795,5.609,13,0,604.57,44.5316,283.71,2.720,0,1,4,1,4,2.856,2.539,3.534,far,outside,IS,IS
2025-11-05T09:09:00-06:00,MRVL,LONG,-179.8172,4.484,0,3,-332.38,90.9521,184.49,2.482,0,1,7,7,7,2.651,4.856,4.787,far,outside,IS,IS
2025-11-06T08:44:00-06:00,MU,LONG,-195.4527,8.979,0,4,-367.35,241.3159,192.03,4.645,0,1,65,66,66,9.187,17.397,10.204,far,outside,IS,IS
2025-11-07T08:54:00-06:00,RBLX,LONG,-188.2853,3.565,0,1,-271.27,104.1369,186.59,2.400,0,1,4,4,4,2.106,3.996,4.384,far,outside,IS,IS
2025-11-10T08:39:00-06:00,LLY,LONG,116.5226,4.917,0,12,-597.51,933.8230,327.76,7.714,0,1,24,1,1,3.485,11.593,11.410,far,outside,IS,IS
2025-11-11T08:54:00-06:00,RIVN,LONG,159.9076,12.662,0,4,-973.19,16.6620,217.85,2.810,0,1,1,72,95,2.286,6.328,10.235,far,outside,IS,IS
2025-11-12T09:09:00-06:00,MRVL,LONG,-207.1803,7.707,0,1,-336.89,91.0135,174.86,3.973,0,1,2,7,7,3.818,6.340,6.729,far,outside,IS,IS
2025-11-17T08:39:00-06:00,GOOGL,LONG,-187.2929,14.392,0,1,-509.40,282.0696,360.92,9.747,0,1,81,1,1,3.685,9.823,12.465,far,outside,IS,OOS
2025-11-17T08:39:00-06:00,MU,LONG,-180.9616,9.995,0,3,-590.39,252.2069,274.90,4.568,0,1,1,75,76,3.175,8.663,7.293,far,outside,IS,IS
2025-11-17T08:54:00-06:00,AVGO,LONG,-212.4981,2.064,3,3,95.75,346.5849,138.64,3.441,0,1,78,66,68,5.276,5.679,7.392,far,outside,IS,OOS
2025-11-19T08:44:00-06:00,GOOGL,LONG,140.5535,8.964,0,11,-483.45,291.4546,276.05,6.118,0,1,56,2,56,4.531,7.156,8.805,far,outside,IS,OOS
2025-11-19T08:54:00-06:00,SOXL,LONG,213.2355,2.454,7,4,744.90,35.3650,244.59,3.141,0,1,4,4,4,3.354,5.715,5.447,far,outside,IS,IS
2025-11-24T08:39:00-06:00,AMD,LONG,124.0850,7.525,6,2,-236.55,207.0712,166.07,5.255,0,1,52,1,29,3.845,11.982,11.129,far,outside,IS,IS
2025-11-24T08:44:00-06:00,GOOGL,LONG,-106.1816,11.192,0,7,-513.33,307.8845,279.25,6.205,0,1,28,30,29,4.069,10.057,12.563,far,outside,IS,OOS
2025-11-24T11:24:00-06:00,SMCI,LONG,78.4649,4.793,6,4,464.59,32.9867,32.84,0.759,1,1,29,29,61,3.126,3.858,8.885,far,within,IS,IS
2025-11-28T08:59:00-06:00,RIVN,LONG,-87.0528,21.012,0,7,-1267.19,16.7051,188.50,3.158,0,1,56,142,151,6.181,7.236,10.451,far,outside,IS,IS
2025-12-01T08:59:00-06:00,RIVN,LONG,-176.2374,4.790,0,10,-1425.61,17.1189,165.71,2.731,0,1,15,194,203,5.583,8.142,21.184,far,outside,IS,IS
2025-12-02T08:39:00-06:00,SOXL,LONG,-177.4383,14.344,0,5,-761.52,42.3268,445.58,8.073,0,1,74,73,73,7.365,8.659,11.772,far,outside,IS,IS
2025-12-02T08:44:00-06:00,AMD,LONG,-178.7968,14.161,0,6,-402.14,222.1307,159.09,5.875,0,1,55,56,64,4.665,7.497,10.983,far,outside,IS,IS
2025-12-09T08:54:00-06:00,AFRM,LONG,-177.8507,5.411,0,3,-244.26,68.7781,148.57,3.263,0,1,13,4,4,3.116,5.950,5.885,far,outside,IS,OOS
2025-12-11T09:24:00-06:00,LLY,LONG,-147.4816,5.554,0,2,-305.79,1008.1474,159.63,2.906,0,1,3,4,6,3.253,4.035,4.873,far,outside,IS,IS
2025-12-12T08:54:00-06:00,TSLA,LONG,-175.0283,7.826,0,6,-348.65,454.3850,164.83,4.528,0,1,47,4,4,3.900,10.300,9.590,far,outside,IS,OOS
2025-12-15T08:39:00-06:00,LLY,LONG,124.6041,11.831,0,7,-603.27,1033.3894,186.00,7.294,0,1,47,50,49,4.056,9.798,10.601,far,outside,IS,IS
2025-12-16T08:59:00-06:00,HOOD,LONG,-174.1214,4.219,3,0,299.13,117.9421,205.86,2.935,0,1,5,5,5,2.410,3.850,4.478,far,outside,IS,IS
2025-12-16T11:14:00-06:00,AFRM,LONG,86.1322,6.388,0,5,-495.23,69.6881,295.87,3.770,1,1,17,32,32,4.935,7.658,6.776,far,outside,IS,OOS
2025-12-19T08:44:00-06:00,MU,LONG,-181.8460,8.339,0,8,-525.81,257.8447,325.98,5.126,0,1,2,77,77,4.055,8.834,5.617,far,outside,IS,IS
2025-12-19T08:44:00-06:00,SOXL,LONG,-189.9849,5.039,0,3,-491.14,40.2307,380.13,4.838,0,1,2,77,11,2.715,7.202,7.263,far,outside,IS,IS
2025-12-24T08:44:00-06:00,MU,LONG,-96.7448,8.683,0,1,-361.40,280.0519,244.53,5.706,0,1,2,2,64,2.936,7.631,7.761,far,outside,IS,IS
2026-01-02T08:39:00-06:00,MU,LONG,160.5452,11.894,0,2,-584.45,291.7611,395.15,7.710,0,1,1,1,1,1.382,8.659,4.445,far,outside,IS,IS
2026-01-02T08:44:00-06:00,RIVN,LONG,-198.7026,2.860,1,1,-348.67,20.0338,247.66,4.749,0,1,6,59,68,3.581,6.240,7.115,far,outside,IS,IS
2026-01-05T08:44:00-06:00,HIMS,LONG,-211.6470,1.737,0,5,-71.68,33.8393,124.32,3.535,0,1,24,73,74,6.362,8.185,11.164,far,outside,IS,IS
2026-01-05T08:44:00-06:00,SOFI,LONG,114.8675,12.882,0,4,-478.07,27.7437,195.30,5.265,0,1,1,64,65,3.156,10.159,12.249,far,outside,IS,IS
2026-01-06T08:49:00-06:00,SOXL,LONG,252.9455,4.361,0,12,-1587.62,50.7596,316.35,4.645,0,1,1,134,101,1.784,11.579,11.881,far,outside,IS,IS
2026-01-06T08:54:00-06:00,MU,LONG,107.1046,7.791,0,6,-607.34,322.0809,304.55,3.840,0,1,1,4,4,2.448,5.606,4.214,far,outside,IS,IS
2026-01-09T08:44:00-06:00,SOXL,LONG,103.6159,0.000,2,7,-488.65,50.4980,277.65,5.544,0,1,6,2,2,2.772,10.375,9.435,near,outside,IS,IS
2026-01-16T08:39:00-06:00,MU,LONG,-220.7214,7.449,0,6,-478.08,346.8502,446.01,6.730,0,1,1,1,1,1.194,6.634,1.715,far,outside,IS,IS
2026-01-16T08:39:00-06:00,SMCI,LONG,75.2584,17.496,0,1,-716.21,29.7414,236.22,5.657,0,1,4,76,76,2.566,7.558,8.695,far,outside,IS,IS
2026-01-21T08:44:00-06:00,MU,LONG,104.8086,5.700,0,7,-314.20,370.4202,197.20,3.634,0,1,1,8,4,2.450,4.387,5.206,far,outside,IS,IS
2026-01-21T08:49:00-06:00,SOXL,LONG,138.9976,1.023,0,4,-82.82,59.6346,294.36,4.656,0,1,2,3,3,2.321,5.827,6.068,far,outside,IS,IS
2026-01-22T08:44:00-06:00,RIVN,LONG,-240.9267,2.783,0,3,-463.33,16.6001,162.59,3.894,0,1,18,30,44,3.436,5.072,6.220,far,outside,IS,IS
2026-01-23T09:04:00-06:00,MU,LONG,154.1895,5.163,0,2,-338.81,398.8644,153.96,2.382,0,1,2,2,69,2.886,2.862,7.670,far,outside,IS,IS
2026-01-27T08:39:00-06:00,CRM,LONG,-184.4885,1.918,0,10,-69.94,231.2231,15.00,0.430,0,1,0,51,51,0.000,6.609,7.534,far,within,IS,OOS
2026-01-28T08:39:00-06:00,MU,LONG,122.2105,16.896,0,9,-905.58,417.9409,269.87,5.667,0,1,58,76,76,5.642,11.935,12.982,far,outside,IS,IS
2026-01-28T08:44:00-06:00,SOXL,LONG,-197.7095,27.580,0,1,-1397.12,67.7752,441.88,8.360,0,1,1,77,77,2.809,17.823,19.028,far,outside,IS,IS
2026-01-28T08:59:00-06:00,RBLX,LONG,110.5689,3.210,0,3,-181.40,73.6968,218.21,3.957,0,1,3,3,5,4.350,6.023,5.737,far,outside,IS,IS
2026-02-02T12:44:00-06:00,MRNA,LONG,-230.8794,2.066,1,1,-249.66,44.0426,387.67,5.024,0,1,46,1,5,7.265,5.453,6.689,far,outside,IS,IS
2026-02-06T08:39:00-06:00,HOOD,LONG,-188.8362,0.567,0,2,-352.34,75.8513,697.24,4.010,0,1,1,1,1,1.002,4.213,3.052,far,outside,IS,IS
2026-02-06T08:44:00-06:00,NVDA,LONG,71.4363,4.657,0,3,-250.71,175.6221,246.43,4.492,0,1,2,2,2,2.599,6.160,4.037,far,outside,IS,IS
2026-02-06T08:44:00-06:00,AVGO,LONG,-176.8842,4.200,0,2,-288.73,316.9679,302.15,4.214,0,1,2,2,2,2.116,4.336,5.063,far,outside,IS,OOS
2026-02-06T09:24:00-06:00,RIVN,LONG,144.7295,0.890,0,6,-77.96,14.0723,147.57,2.127,0,1,3,10,10,2.334,3.058,4.035,far,outside,IS,IS
2026-02-09T08:39:00-06:00,HOOD,LONG,85.3362,11.101,0,2,-650.74,83.3295,302.47,5.046,0,1,65,65,65,4.035,12.353,7.402,far,outside,IS,IS
2026-02-09T08:44:00-06:00,AFRM,LONG,-243.1519,1.970,12,0,201.58,56.6351,224.23,2.537,0,1,1,1,1,2.187,1.857,2.338,far,outside,IS,OOS
2026-02-10T08:39:00-06:00,HIMS,LONG,-174.7129,12.971,0,8,-909.63,19.1706,33.57,0.492,1,1,50,0,9,7.318,0.000,9.677,far,within,IS,IS
2026-02-10T09:04:00-06:00,CRM,LONG,-172.8950,9.701,0,2,-427.64,196.0451,121.14,2.800,0,1,8,76,76,4.539,9.290,9.290,far,outside,IS,OOS
2026-02-12T08:44:00-06:00,NET,LONG,-313.4014,12.803,0,8,-1350.34,193.5761,349.68,4.668,0,1,2,2,2,2.264,5.387,7.274,far,outside,IS,OOS
2026-02-13T08:39:00-06:00,MRNA,LONG,76.0796,7.971,0,3,-1382.75,40.8897,681.18,5.412,0,1,1,1,19,0.928,6.440,6.289,far,outside,IS,IS
2026-02-13T08:54:00-06:00,COIN,LONG,195.0692,6.136,2,4,-823.80,148.1370,354.27,2.725,0,1,1,4,4,1.520,4.535,4.756,far,outside,IS,IS
2026-02-13T09:04:00-06:00,HOOD,LONG,102.7788,0.266,1,1,-485.73,73.2103,248.56,2.865,0,1,4,4,6,2.802,3.941,4.779,near,outside,IS,IS
2026-02-17T08:49:00-06:00,MRNA,LONG,-183.6250,11.916,0,4,-1647.12,43.3846,365.44,3.873,0,1,3,61,3,2.822,6.440,4.587,far,outside,IS,IS
2026-02-18T08:59:00-06:00,COIN,LONG,-175.0265,3.886,0,8,-307.17,168.7166,165.57,2.404,0,1,4,4,4,2.515,3.073,4.105,far,outside,IS,IS
2026-02-18T09:14:00-06:00,MU,LONG,124.9110,0.136,0,17,-354.04,409.0395,197.30,2.736,0,1,6,4,4,3.615,4.141,4.285,near,outside,IS,IS
2026-02-20T08:44:00-06:00,GOOGL,LONG,148.8220,4.495,0,6,-226.13,306.0597,129.56,4.840,0,1,2,2,2,2.855,6.401,7.231,far,outside,IS,OOS
2026-02-20T08:44:00-06:00,SOXL,LONG,-267.8652,3.371,0,16,-335.13,64.9900,236.96,4.496,0,1,5,2,2,3.267,6.336,6.373,far,outside,IS,IS
2026-02-23T08:39:00-06:00,MRNA,LONG,67.8905,16.786,0,5,-1146.17,50.4870,402.67,5.692,0,1,49,4,63,4.842,6.711,7.573,far,outside,IS,IS
2026-02-24T08:44:00-06:00,AAPL,LONG,-108.3847,10.654,0,5,-376.73,269.7730,163.92,5.418,0,1,2,139,146,3.404,8.632,11.533,far,outside,IS,IS
2026-02-24T08:49:00-06:00,SOXL,LONG,-205.2035,9.941,0,6,-729.04,66.7360,349.72,4.901,0,1,1,3,3,2.254,7.350,7.047,far,outside,IS,IS
2026-02-25T08:39:00-06:00,MU,LONG,92.9644,3.501,0,9,-130.99,423.7431,185.65,5.106,0,1,1,1,1,1.483,4.764,6.792,far,outside,IS,IS
2026-02-25T08:54:00-06:00,PLTR,LONG,197.7203,3.236,1,5,-323.73,130.2955,186.46,4.252,0,1,1,4,4,3.280,6.341,6.399,far,outside,IS,OOS
2026-02-25T09:04:00-06:00,SNOW,LONG,-192.9879,10.691,0,1,-733.72,164.9673,225.66,3.221,0,1,4,74,81,2.623,6.019,6.224,far,outside,IS,OOS
2026-02-25T12:44:00-06:00,SMCI,LONG,97.3949,8.975,0,11,-637.78,32.9193,153.62,2.879,0,1,28,77,99,5.601,7.596,10.632,far,outside,IS,IS
2026-02-26T08:49:00-06:00,SNOW,LONG,99.5361,10.183,0,2,-1384.52,175.6468,330.11,2.874,0,1,2,124,131,1.607,11.130,11.666,far,outside,IS,OOS
2026-02-26T08:59:00-06:00,RIVN,LONG,-184.1487,5.023,0,7,-294.78,15.5294,97.00,1.915,0,1,5,5,5,2.343,3.491,4.027,far,outside,IS,IS
2026-03-02T08:39:00-06:00,SNOW,LONG,143.3811,0.410,7,0,80.36,166.4261,139.04,2.997,0,1,1,1,1,2.288,3.032,3.682,near,outside,IS,OOS
2026-03-04T08:54:00-06:00,HOOD,LONG,137.4947,4.721,0,3,-853.07,79.6042,344.31,3.793,0,1,1,4,4,1.722,4.773,7.264,far,outside,IS,IS
2026-03-04T08:59:00-06:00,AMZN,LONG,108.2646,6.830,0,5,-298.66,211.9997,134.68,3.192,0,1,2,58,38,2.724,5.268,8.032,far,outside,IS,IS
2026-03-05T08:59:00-06:00,SOFI,LONG,-234.1967,4.907,0,13,-839.22,19.1260,124.95,2.425,0,1,5,5,5,3.368,4.773,5.196,far,outside,IS,IS
2026-03-06T12:29:00-06:00,BA,LONG,152.1486,1.455,0,3,-100.85,225.5262,46.28,0.834,0,1,55,43,46,5.854,8.053,7.757,far,within,IS,IS
2026-03-10T08:44:00-05:00,RIVN,LONG,82.5084,15.282,0,5,-1276.92,16.3646,449.39,5.773,0,1,60,60,65,4.767,5.230,9.775,far,outside,IS,IS
2026-03-12T08:39:00-05:00,CRM,LONG,89.3083,3.198,0,5,-110.20,194.7499,239.03,6.721,0,1,1,1,1,3.898,7.680,7.714,far,outside,IS,OOS
2026-03-13T08:54:00-05:00,SOXL,LONG,-206.5542,5.217,8,0,435.30,52.4216,264.86,3.426,0,1,4,4,4,2.091,6.299,6.423,far,outside,IS,IS
2026-03-16T08:39:00-05:00,MRVL,LONG,143.0823,1.263,6,2,351.63,88.8238,263.58,6.331,0,1,1,1,1,2.086,7.776,7.800,far,outside,IS,IS
2026-03-16T09:09:00-05:00,RBLX,LONG,-190.8134,4.795,0,1,-299.03,57.8640,242.99,3.775,0,1,2,7,7,3.530,6.697,6.817,far,outside,IS,IS
2026-03-17T08:39:00-05:00,HOOD,LONG,-200.1017,8.929,0,2,-343.60,75.9666,198.38,6.048,0,1,27,40,40,3.692,6.488,9.385,far,outside,IS,IS
2026-03-18T12:29:00-05:00,NET,LONG,61.2210,9.893,0,1,-538.67,221.1918,157.25,2.866,0,1,23,30,31,6.423,8.071,8.364,far,outside,IS,OOS
2026-03-23T08:39:00-05:00,PLTR,LONG,-131.5355,6.621,0,4,-305.15,153.1173,386.48,8.284,0,1,1,1,1,2.920,9.104,7.121,far,outside,IS,OOS
2026-03-23T08:54:00-05:00,SOXL,LONG,191.2118,1.270,0,10,-150.34,53.3606,444.97,4.978,0,1,3,4,4,1.978,8.449,8.473,far,outside,IS,IS
2026-03-25T08:39:00-05:00,MRVL,LONG,139.6246,16.610,0,6,-724.28,93.8477,259.71,7.039,0,1,29,104,71,4.162,9.481,11.098,far,outside,IS,IS
2026-03-25T08:39:00-05:00,AMD,LONG,-201.9930,11.604,0,13,-599.13,209.6699,376.79,7.278,0,1,23,17,23,4.192,7.395,10.305,far,outside,IS,IS
2026-03-31T08:54:00-05:00,SOXL,LONG,101.5949,4.502,1,0,493.47,42.4413,402.60,3.511,0,1,1,4,4,1.621,3.618,5.293,far,outside,IS,IS
2026-03-31T09:19:00-05:00,HIMS,LONG,100.4011,5.918,5,0,604.91,19.1469,226.21,2.449,0,1,6,1,6,2.712,3.097,3.278,far,outside,IS,IS
2026-03-31T09:19:00-05:00,RBLX,LONG,100.5115,4.961,0,4,-378.76,54.1757,168.76,2.200,0,1,6,9,9,1.963,5.941,5.035,far,outside,IS,IS
2026-04-01T08:39:00-05:00,GOOGL,LONG,123.4057,12.159,0,3,-710.17,289.8207,202.52,8.058,0,1,73,76,76,6.911,14.247,14.522,far,outside,IS,OOS
2026-04-01T09:04:00-05:00,MRVL,LONG,95.9728,8.327,0,3,-665.64,102.8390,203.32,2.863,0,1,2,81,81,2.119,11.263,13.635,far,outside,IS,IS
2026-04-01T10:34:00-05:00,LLY,LONG,128.0808,14.737,0,2,-707.39,943.1823,141.31,2.886,0,1,13,99,99,3.268,11.779,10.188,far,outside,IS,IS
2026-04-06T08:39:00-05:00,AFRM,LONG,-191.4057,10.032,0,4,-634.90,46.9699,432.20,6.673,0,1,72,61,64,9.161,5.999,10.823,far,outside,IS,OOS
2026-04-06T08:39:00-05:00,SOFI,LONG,-173.9190,12.732,0,1,-444.88,15.9494,263.74,7.347,0,1,73,60,64,6.360,5.105,12.856,far,outside,IS,IS
2026-04-06T08:49:00-05:00,MU,LONG,-172.5509,24.848,0,2,-1410.79,373.1516,252.54,4.343,0,1,1,26,24,2.727,5.290,12.925,far,outside,IS,IS
2026-04-09T08:44:00-05:00,SOXL,LONG,-172.8153,8.080,0,14,-2322.32,68.1397,321.45,4.971,0,1,1,10,83,2.183,5.839,23.554,far,outside,OOS,IS
2026-04-10T08:49:00-05:00,SMCI,LONG,257.8611,7.434,0,3,-479.51,23.8447,325.13,5.031,0,1,2,3,3,2.870,6.689,4.037,far,outside,OOS,IS
2026-04-10T08:49:00-05:00,AVGO,LONG,-205.2366,11.221,0,4,-593.90,364.3588,250.34,4.598,0,1,3,132,248,2.469,7.687,15.631,far,outside,OOS,OOS
2026-04-13T09:04:00-05:00,CRM,LONG,124.4709,8.051,0,1,-322.03,168.2969,167.74,4.079,0,1,6,6,6,4.414,7.828,7.809,far,outside,OOS,OOS
2026-04-13T09:09:00-05:00,SNOW,LONG,105.9468,4.605,0,4,-242.60,123.2407,183.33,3.469,0,1,6,7,7,3.434,5.439,6.634,far,outside,OOS,OOS
2026-04-14T08:39:00-05:00,AMZN,LONG,144.5451,13.348,0,3,-323.22,241.2368,209.89,8.440,0,1,59,43,43,3.925,5.529,12.653,far,outside,OOS,IS
2026-04-15T08:39:00-05:00,SNOW,LONG,-174.4259,15.246,0,2,-660.60,136.2329,362.40,8.042,0,1,1,1,128,2.264,8.671,17.470,far,outside,OOS,OOS
2026-04-15T08:39:00-05:00,AVGO,LONG,107.6081,11.283,0,2,-424.22,383.9874,176.12,4.606,0,1,6,6,141,2.071,8.368,10.593,far,outside,OOS,OOS
2026-04-15T08:54:00-05:00,HOOD,LONG,-174.5747,24.353,0,1,-1922.91,82.2415,378.58,4.618,0,1,13,13,151,2.937,6.075,14.819,far,outside,OOS,IS
2026-04-15T09:09:00-05:00,COIN,LONG,125.6942,16.776,0,1,-962.32,187.2453,180.23,3.096,0,1,4,4,4,3.085,4.660,4.931,far,outside,OOS,IS
2026-04-17T08:39:00-05:00,HIMS,LONG,-175.0806,26.002,0,5,-2748.60,27.9752,477.13,4.343,0,1,68,69,97,6.220,6.397,11.294,far,outside,OOS,IS
2026-04-21T08:39:00-05:00,MRVL,LONG,130.0355,8.880,0,4,-850.50,149.7931,150.00,3.254,0,1,31,149,215,6.398,9.937,14.628,far,outside,OOS,IS
2026-04-21T08:59:00-05:00,CRM,LONG,-169.7855,7.743,0,4,-329.14,188.6530,179.53,4.271,0,1,3,3,3,4.594,6.947,6.969,far,outside,OOS,OOS
2026-04-22T08:44:00-05:00,COIN,LONG,127.8829,0.504,0,3,-36.74,202.0398,301.43,5.225,0,1,1,2,2,2.002,5.368,6.603,far,outside,OOS,IS
2026-04-22T09:29:00-05:00,MU,LONG,91.0682,4.620,0,3,-327.74,466.2941,171.69,2.486,0,1,2,45,45,2.399,9.763,9.424,far,outside,OOS,IS
2026-04-23T08:39:00-05:00,MRVL,LONG,-181.5665,23.865,0,4,-1538.26,159.4958,302.56,6.233,0,1,70,76,70,7.342,11.124,11.650,far,outside,OOS,IS
2026-04-30T13:19:00-05:00,AFRM,LONG,-127.9287,5.991,0,1,-228.77,63.9987,87.71,2.236,0,1,44,15,41,5.099,4.997,6.486,far,outside,OOS,OOS
2026-05-01T08:49:00-05:00,MU,LONG,142.9080,3.035,0,7,-243.04,521.7314,209.08,3.023,0,1,2,2,3,2.834,4.659,4.986,far,outside,OOS,IS
2026-05-01T09:04:00-05:00,SOXL,LONG,-198.4547,7.060,0,7,-1146.51,127.2406,176.79,1.856,0,1,66,5,5,7.437,2.953,3.722,far,outside,OOS,IS
2026-05-04T08:39:00-05:00,MU,LONG,183.9728,19.597,0,11,-1192.88,552.5537,460.52,7.849,0,1,25,53,54,3.385,11.264,12.042,far,outside,OOS,IS
2026-05-04T08:49:00-05:00,RBLX,LONG,187.7789,6.704,0,2,-397.75,46.0964,250.26,4.503,0,1,5,3,3,4.412,6.154,7.409,far,outside,OOS,IS
2026-05-04T09:44:00-05:00,AMZN,LONG,-168.3592,13.662,0,3,-553.15,272.6765,92.91,2.317,0,1,5,6,105,2.718,4.414,9.080,far,outside,OOS,IS
2026-05-05T08:39:00-05:00,NET,LONG,153.0590,7.715,0,2,-454.40,226.4431,290.22,4.745,0,1,0,152,151,0.000,14.924,13.892,far,outside,OOS,OOS
2026-05-05T08:39:00-05:00,MU,LONG,168.5969,26.766,0,12,-1789.53,593.6755,554.08,7.907,0,1,1,104,105,2.754,11.264,12.042,far,outside,OOS,IS
2026-05-06T08:39:00-05:00,SMCI,LONG,-172.1908,10.177,0,3,-1524.08,29.3973,1167.69,7.026,0,1,0,1,1,0.000,6.689,4.649,far,outside,OOS,IS
2026-05-06T08:44:00-05:00,AMD,LONG,-177.0357,15.043,0,8,-1724.84,390.3338,969.84,7.740,0,1,67,77,77,5.463,10.719,13.615,far,outside,OOS,IS
2026-05-06T08:59:00-05:00,NVDA,LONG,98.5391,4.066,0,6,-234.29,201.0569,168.52,3.666,0,1,5,5,5,3.057,6.366,4.389,far,outside,OOS,IS
